s,XY,XW,XV,YX,YW,YV,WX,WY,WV,VX,VY,VW
0.0001,1036.4421086586465,1035.475503527924,1034.8189838340083,1034.5087938081463,1031.663046647994,1033.8542357144627,1035.475503527924,1034.4812914487557,1034.8170362844894,1033.481542583304,1034.4463362186034,1030.8389865755291
0.00014563484775012445,1036.8831861662472,1035.475503527924,1034.5195512959542,1034.0676141544234,1029.9291342724314,1033.115790211168,1035.475503527924,1034.0266960250135,1034.5154292420402,1032.5734975396886,1033.9773306842437,1028.732345673097
0.00021209508879201905,1037.5254977130446,1035.475503527924,1034.0836420287005,1033.4250568850164,1027.4105869387135,1032.0419579962343,1035.475503527924,1033.363671784896,1034.0749201252384,1031.2531961913214,1033.2950396397166,1025.6746798995787
0.00030888435964774815,1038.4608382173456,1035.475503527924,1033.4491913092024,1032.489222650772,1023.7567914427458,1030.4814474797172,1035.475503527924,1032.3960334842996,1033.4307895730817,1029.3348622797544,1032.3029321358474,1021.2435908291866
0.0004498432668969444,1039.8228032134862,1035.475503527924,1032.5260260676862,1031.1261956460594,1018.4655467877836,1028.215932290762,1035.475503527924,1030.9825379484723,1032.4872529727488,1026.5506320108693,1030.8613565865994,1014.8369514087514
0.0006551285568595509,1041.8057815908476,1035.475503527924,1031.1833402231496,1029.1409450704994,1010.8234673186233,1024.9316176368513,1035.475503527924,1028.9152011869112,1031.1018927886632,1022.515980620174,1028.7688898919773,1005.6054446718966
0.0009540954763499944,1044.6924907565424,1035.475503527924,1029.2316690662014,1026.249458472045,999.8300192397313,1020.1803109792429,1035.475503527924,1025.8865733859377,1029.0613906554395,1016.6827707199094,1025.7361952277065,992.3707279703941
0.0013894954943731374,1048.8934857567058,1035.475503527924,1026.3974316009342,1022.0383017281579,984.1102159522475,1013.3276444505007,1035.475503527924,1021.4403414908384,1026.0438951913166,1008.2775856962326,1021.3504748471969,973.5403092631736
0.0020235896477251557,1055.0037502329562,1035.475503527924,1022.2872958338792,1015.9065012881313,961.8369759560686,1003.4879858809998,1035.475503527924,1014.8972926628845,1021.5608926676256,996.2263549169552,1015.0282771590868,947.0540744649325
0.0029470517025518097,1063.8814665602622,1035.475503527924,1016.3396279432396,1006.9831569380399,930.7210148950817,989.4504270437717,1035.475503527924,1005.2476398656534,1014.8707707697233,979.0735476234742,1005.9567481079952,910.4462916776203
0.004291934260128779,1076.7529877600655,1035.475503527924,1007.7616451164859,994.0150875870639,888.1985332141477,969.6117355162528,1035.475503527924,991.0079613222267,1004.8636703334643,954.9233967635114,993.0274312075932,861.190905253329
0.0062505519252739694,1095.33680426603,1035.475503527924,995.455411840003,975.2274531529545,832.0531139620297,941.9563032371378,1035.475503527924,970.0772468626132,989.951220945841,921.4674929639431,974.7778476648741,797.5860409752836
0.009102981779915217,1121.9419982062986,1035.475503527924,977.9501299292879,948.194239767394,761.7339814229877,904.1644399247535,1035.475503527924,939.7307696602342,968.0871334161062,876.2280417319407,949.3760306016837,720.3258499948173
0.013257113655901081,1159.388542616791,1035.475503527924,953.3902479226554,909.8583440525947,680.1563422050978,853.9864535153424,1035.475503527924,897.0746181904158,937.1767616566159,817.2210048261428,914.7167367839837,634.1162721687506
0.019306977288832496,1210.3565975743693,1035.475503527924,919.6863796927142,857.0808412111043,594.299703149909,790.0484938930454,1035.475503527924,840.2842419085127,896.0396080096799,744.217280087898,868.7347956562028,547.148664759525
0.02811768697974228,1275.5087816538407,1035.475503527924,874.9859416152184,788.3868003573419,512.117308490288,713.1202745177341,1035.475503527924,770.1087220932374,845.3294073108385,660.333346110351,810.0405271378113,466.75452581565384
0.040949150623804234,1350.4426430983444,1035.475503527924,818.5063799338081,706.9355722947963,437.6314573977163,627.3317676214131,1035.475503527924,689.9605614864995,787.2038065630685,572.5249874984607,738.8444639275847,395.26233452932127
0.05963623316594643,1424.8464774034621,1035.475503527924,751.2942223649702,621.4298396219843,370.5660351141841,539.9189450913626,1035.475503527924,604.2725172040537,723.9880735586702,488.90265912206655,657.779658882107,331.68071301697734
0.08685113737513521,1488.1277506473361,1035.475503527924,676.0739841247475,540.450488170113,302.9436531723951,458.19756846788823,1035.475503527924,517.2411338788746,657.4506046503656,414.0140586083971,571.8766276352263,298.13271155750675
0.12648552168552957,1534.8497902821457,1035.475503527924,596.2285164113181,466.65532012563506,0.0,385.67241570799985,1035.475503527924,432.74053648276237,588.8833384675822,347.79053987652844,487.26341446109615,0.0
0.18420699693267145,1561.9343257108546,1035.475503527924,515.1459669418659,400.34898381025033,0.0,321.90696683516035,1035.475503527924,354.4407561828696,519.3136121090654,289.59037180244894,409.1387828626802,0.0
0.2682695795279725,1565.2516815569375,1035.475503527924,436.2712322883245,0.0,0.0,265.33574742332564,1035.475503527924,285.5311941280688,449.7056945816029,0.0,340.12045913887795,0.0
0.3906939937054613,1540.0456150551988,1035.475503527924,363.0092578184367,0.0,0.0,353.57027709094456,1035.475503527924,228.0149488240793,381.24538797823186,0.0,280.23898000724614,0.0
0.5689866029018293,1483.1200980276683,1035.475503527924,297.9967143480271,0.0,0.0,0.0,1035.475503527924,182.2678664137608,315.7449766765804,0.0,228.76424979314297,0.0
0.8286427728546842,1396.2146833367854,1035.475503527924,242.34014582011747,0.0,0.0,0.0,1035.475503527924,147.71437987014377,255.91343931041075,0.0,189.8972271745549,0.0
1.2067926406393288,1289.751191886438,1035.475503527924,196.01325198684864,0.0,0.0,0.0,1035.475503527924,123.73488005211283,204.7955858988894,0.0,0.0,0.0
1.7575106248547894,1183.7987327782616,1035.475503527924,159.16553367536858,0.0,0.0,0.0,1035.475503527924,119.02467368132336,164.3382643190261,0.0,0.0,0.0
2.559547922699533,1101.5415147414062,1035.475503527924,215.27775460277957,0.0,0.0,0.0,1035.475503527924,0.0,134.85415197909515,0.0,0.0,0.0
3.727593720314938,1055.4784683268256,1035.475503527924,0.0,0.0,0.0,0.0,1035.475503527924,0.0,115.75603321322468,0.0,0.0,0.0
5.428675439323859,1038.9525670962523,1035.475503527924,0.0,0.0,0.0,0.0,1035.475503527924,0.0,120.99335117879707,0.0,0.0,0.0
7.9060432109076855,1035.7464888712238,1035.475503527924,0.0,0.0,0.0,0.0,1035.475503527924,0.0,0.0,0.0,0.0,0.0
11.513953993264458,1035.4820889783464,1035.475503527924,0.0,0.0,0.0,0.0,1035.475503527924,0.0,0.0,0.0,0.0,0.0
16.768329368110066,1035.4755328702595,1035.475503527924,0.0,0.0,0.0,0.0,1035.475503527924,0.0,0.0,0.0,0.0,0.0
24.420530945486497,1035.4755035512246,1035.475503527924,0.0,0.0,0.0,0.0,1035.475503527924,0.0,0.0,0.0,0.0,0.0
35.564803062231285,1035.4755035279243,1035.475503527924,0.0,0.0,0.0,0.0,1035.475503527924,0.0,0.0,0.0,0.0,0.0
51.79474679231202,1035.475503527924,1035.475503527924,0.0,0.0,0.0,0.0,1035.475503527924,0.0,0.0,0.0,0.0,0.0
75.43120063354607,1035.475503527924,1035.475503527924,0.0,0.0,nan,0.0,1035.475503527924,0.0,0.0,0.0,0.0,nan
109.85411419875572,1035.475503527924,1035.475503527924,0.0,0.0,nan,0.0,1035.475503527924,0.0,0.0,0.0,0.0,nan
159.98587196060572,1035.475503527924,1035.475503527924,0.0,nan,nan,0.0,1035.475503527924,0.0,0.0,nan,0.0,nan
232.99518105153672,1035.475503527924,1035.475503527924,0.0,nan,nan,nan,1035.475503527924,0.0,0.0,nan,0.0,nan
339.3221771895323,1035.475503527924,1035.475503527924,0.0,nan,nan,nan,1035.475503527924,0.0,0.0,nan,0.0,nan
494.1713361323828,1035.475503527924,1035.475503527924,0.0,nan,nan,nan,1035.475503527924,nan,0.0,nan,0.0,nan
719.6856730011514,1035.475503527924,1035.475503527924,0.0,nan,nan,nan,1035.475503527924,nan,0.0,nan,nan,nan
1048.1131341546852,1035.475503527924,1035.475503527924,0.0,nan,nan,nan,1035.475503527924,nan,0.0,nan,nan,nan
1526.4179671752302,1035.475503527924,1035.475503527924,nan,nan,nan,nan,1035.475503527924,nan,nan,nan,nan,nan
2222.996482526191,1035.475503527924,1035.475503527924,nan,nan,nan,nan,1035.475503527924,nan,nan,nan,nan,nan
3237.45754281764,1035.475503527924,1035.475503527924,nan,nan,nan,nan,1035.475503527924,nan,nan,nan,nan,nan
4714.8663634573895,1035.475503527924,1035.475503527924,nan,nan,nan,nan,1035.475503527924,nan,nan,nan,nan,nan
6866.488450042998,1035.475503527924,1035.475503527924,nan,nan,nan,nan,1035.475503527924,nan,nan,nan,nan,nan
10000.0,1035.475503527924,1035.475503527924,nan,nan,nan,nan,1035.475503527924,nan,nan,nan,nan,nan
